Franklin-Paxinos Full name,Franklin-Paxinos abbreviation,Structural ID
Basic cell groups and regions,grey,8
Cerebrum,CH,567
Cerebral cortex,CTX,688
Cortical plate,CTXpl,695
Isocortex,Isocortex,315
Frontal association cortex,FrA,184
"Frontal pole, layer 1",FrA-1,68
"Frontal pole, layer 2/3",FrA-2/3,667
"Frontal pole, layer 5",FrA-5,2325
motor cortex,M,500
Primary motor cortex,M1,985
Primary motor cortex Layer 1,M1-1,320
Primary motor cortex Layer 2/3,M1-2/3,943
Primary motor cortex Layer 5,M1-5,648
Primary motor cortex Layer 6a,M1-6a,844
Primary motor cortex Layer 6b,M1-6b,882
"Frontal cortex, area 3",FrC3,2017
"Frontal cortex, area 3, layer1",FrC3-1,2334
"Frontal cortex, area 3, layer2/3",FrC3-2/3,2335
"Frontal cortex, area 3, layer5",FrC3-5,2336
"Frontal cortex, area 3, layer6a",FrC3-6a,2337
"Frontal cortex, area 3, layer6b",FrC3-6b,2351
Secondary motor cortex,M2,993
"Secondary motor cortex, layer 1",M2-1,656
"Secondary motor cortex, layer 2/3",M2-2/3,962
"Secondary motor cortex, layer 5",M2-5,767
"Secondary motor cortex, layer 6a",M2-6a,1021
"Secondary motor cortex, layer 6b",M2-6b,1085
Somatosensory cortex,S,453
Primary somatosensory cortex,S1,322
Primary somatosensory cortex layer 1,S1-1,793
Primary somatosensory cortex layer 2/3,S1-2/3,346
Primary somatosensory cortex layer 4,S1-4,865
Primary somatosensory cortex layer 5,S1-5,921
Primary somatosensory cortex layer 6a,S1-6a,686
Primary somatosensory cortex layer 6b,S1-6b,719
"Primary somatosensory area, jaw",S1J,2338
"Primary somatosensory area, jaw, layer 1",S1J-1,2339
"Primary somatosensory area, jaw, layer 2/3",S1J-2/3,2340
"Primary somatosensory area, jaw, layer 4",S1J-4,2341
"Primary somatosensory area, jaw, layer 5",S1J-5,2342
"Primary somatosensory area, jaw, layer 6a",S1J-6a,2343
"Primary somatosensory area, jaw, layer 6b",S1J-6b,2344
,,
,,
,,
,,
,,
,,
,,
"Primary somatosensory cortex, barrel field",S1BF,329
"Primary somatosensory cortex, barrel field, layer 1",S1BF-1,981
"Primary somatosensory cortex, barrel field, layer 2/3",S1BF-2/3,201
"Primary somatosensory cortex, barrel field, layer 4",S1BF-4,1047
"Primary somatosensory cortex, barrel field, layer 5 ",S1BF-5,1070
"Primary somatosensory cortex, barrel field, layer 6a",S1BF-6a,1038
"Primary somatosensory cortex, barrel field, layer 6b",S1BF-6b,1062
"Primary somatosensory cortex, hindlimb region",S1HL,337
"Primary somatosensory cortex, hindlimb region, layer 1",S1HL-1,1030
"Primary somatosensory cortex, hindlimb region, layer 2/3",S1HL-2/3,113
"Primary somatosensory cortex, hindlimb region, layer 4",S1HL-4,1094
"Primary somatosensory cortex, hindlimb region, layer 5",S1HL-5,1128
"Primary somatosensory cortex, hindlimb region, layer 6a",S1HL-6a,478
"Primary somatosensory cortex, hindlimb region, layer 6b",S1HL-6b,510
"Primary somatosensory cortex, upper lip region",S1ULp,345
"Primary somatosensory cortex, upper lip region, layer 1",S1ULp-1,878
"Primary somatosensory cortex, upper lip region, layer 2/3",S1ULp-2/3,657
"Primary somatosensory cortex, upper lip region, layer 4",S1ULp-4,950
"Primary somatosensory cortex, upper lip region, layer 5",S1ULp-5,974
"Primary somatosensory cortex, upper lip region, layer 6a",S1ULp-6a,1102
"Primary somatosensory cortex, upper lip region, layer 6b",S1ULp-6b,2
"Primary somatosensory cortex, dysgranular zone ",S1DZ,2000
"Primary somatosensory cortex, dysgranular zone 1",S1DZ-1,2287
"Primary somatosensory cortex, dysgranular zone 2/3",S1DZ-2/3,2288
"Primary somatosensory cortex, dysgranular zone 4",S1DZ-4,2289
"Primary somatosensory cortex, dysgranular zone 5",S1DZ-5,2290
"Primary somatosensory cortex, dysgranular zone 6a",S1DZ-6a,2291
"Primary somatosensory cortex, dysgranular zone 6b",S1DZ-6b,2292
"Primary somatosensory cortex, oral dysgranular zone ",S1DZO,2352
"Primary somatosensory cortex, oral dysgranular zone 1",S1DZO-1,2353
"Primary somatosensory cortex, oral dysgranular zone 2/3",S1DZO-2/3,2354
"Primary somatosensory cortex, oral dysgranular zone 4",S1DZO-4,2355
"Primary somatosensory cortex, oral dysgranular zone 5",S1DZO-5,2356
"Primary somatosensory cortex, oral dysgranular zone 6a",S1DZO-6a,2357
"Primary somatosensory cortex, oral dysgranular zone 6b",S1DZO-6b,2358
"Primary somatosensory cortex, shoulder region",S1Sh,2041
"Primary somatosensory cortex, shoulder region 1",S1Sh-1,2310
"Primary somatosensory cortex, shoulder region 2/3",S1Sh-2/3,2311
"Primary somatosensory cortex, shoulder region 4",S1Sh-4,2312
"Primary somatosensory cortex, shoulder region 5",S1Sh-5,2313
"Primary somatosensory cortex, shoulder region 6a",S1Sh-6a,2314
"Primary somatosensory cortex, shoulder region 6b",S1Sh-6b,2315
"Primary somatosensory cortex, forelimb region",S1FL,369
"Primary somatosensory cortex, forelimb region, layer 1",S1FL-1,450
"Primary somatosensory cortex, forelimb region, layer 2/3",S1FL-2/3,854
"Primary somatosensory cortex, forelimb region, layer 4",S1FL-4,577
"Primary somatosensory cortex, forelimb region, layer 5",S1FL-5,625
"Primary somatosensory cortex, forelimb region, layer 6a",S1FL-6a,945
"Primary somatosensory cortex, forelimb region, layer 6b",S1FL-6b,1026
"Primary somatosensory cortex, trunk region",S1Tr,361
"Primary somatosensory cortex, trunk region, layer 1",S1Tr-1,1006
"Primary somatosensory cortex, trunk region, layer 2/3",S1Tr-2/3,670
"Primary somatosensory cortex, trunk region, layer 4",S1Tr-4,1086
"Primary somatosensory cortex, trunk region, layer 5",S1Tr-5,1111
"Primary somatosensory cortex, trunk region, layer 6a",S1Tr-6a,9
"Primary somatosensory cortex, trunk region, layer 6b",S1Tr-6b,461
Secondary somatosensory cortex,S2,378
"Secondary somatosensory cortex, layer 1",S2-1,873
"Secondary somatosensory cortex, layer 2/3",S2-2/3,806
"Secondary somatosensory cortex, layer 4",S2-4,1035
"Secondary somatosensory cortex, layer 5",S2-5,1090
"Secondary somatosensory cortex, layer 6a",S2-6a,862
"Secondary somatosensory cortex, layer 6b",S2-6b,893
"Cingulate cortex, area 24a (infralimbic)",A24a (IL),44
"Cingulate cortex, area 24a (infralimbic), layer 1",A24a (IL)-1,707
"Cingulate cortex, area 24a (infralimbic), layer 2/3",A24a (IL)-2,747
"Cingulate cortex, area 24a (infralimbic), layer 4",A24a (IL)-2/3,556
"Cingulate cortex, area 24a (infralimbic), layer 5",A24a (IL)-5,827
"Cingulate cortex, area 24a (infralimbic), layer 6a",A24a (IL)-6a,1054
"Cingulate cortex, area 24a (infralimbic), layer 6b",A24a (IL)-6b,1081
Dysgranular insular cortex,DI,1057
"Dysgranular insular cortex, layer 1",DI-1,36
"Dysgranular insular cortex, layer 2/3",DI-2/3,180
"Dysgranular insular cortex, layer 4",DI-4,148
"Dysgranular insular cortex, layer 5",DI-5,187
"Dysgranular insular cortex, layer 6a",DI-6a,638
"Dysgranular insular cortex, layer 6b",DI-6b,662
Granular insular cortex,GI,677
"Granular insular cortex, layer 1",GI-1,897
"Granular insular cortex, layer 2/3",GI-2/3,1106
"Granular insular cortex, layer 4",GI-4,1010
"Granular insular cortex, layer 5",GI-5,1058
"Granular insular cortex, layer 6a",GI-6a,857
"Granular insular cortex, layer 6b",GI-6b,849
Auditory cortex,Au,247
"Secondary auditory cortex, dorsal area",AuD,1011
"Secondary auditory cortex, dorsal area, layer 1",AuD-1,527
"Secondary auditory cortex, dorsal area, layer 2/3",AuD-2/3,600
"Secondary auditory cortex, dorsal area, layer 4",AuD-4,678
"Secondary auditory cortex, dorsal area, layer 5",AuD-5,252
"Secondary auditory cortex, dorsal area, layer 6a",AuD-6a,156
"Secondary auditory cortex, dorsal area, layer 6b",AuD-16b,243
Primary auditory cortex,Au1,1002
"Primary auditory cortex, layer 1",Au1-1,735
"Primary auditory cortex, layer 2/3",Au1-2/3,251
"Primary auditory cortex, layer 4",Au1-4,816
"Primary auditory cortex, layer 5",Au1-5,847
"Primary auditory cortex, layer 6a",Au1-6a,954
"Primary auditory cortex, layer 6b",Au1-6b,1005
,,
,,
,,
,,
,,
,,
,,
"Secondary auditory cortex, ventral area",AuV,1018
"Secondary auditory cortex, ventral area, layer 1",AuV-1,959
"Secondary auditory cortex, ventral area, layer 2/3",AuV-2/3,755
"Secondary auditory cortex, ventral area, layer 4",AuV-4,990
"Secondary auditory cortex, ventral area, layer 5",AuV-5,1023
"Secondary auditory cortex, ventral area, layer 6a",AuV-6a,520
"Secondary auditory cortex, ventral area, layer 6b",AuV-6b,598
Visual cortex,V,669
"Secondary visual cortex, lateral area",V2L,2170
"Secondary visual cortex, lateral area, anterior region",V2La,402
"Secondary visual cortex, lateral area, anterior region, layer1",V2La-1,1074
"Secondary visual cortex, lateral area, anterior region, layer2/3",V2La-2/3,905
"Secondary visual cortex, lateral area, anterior region, layer4",V2La-4,1114
"Secondary visual cortex, lateral area, anterior region, layer5",V2La-5,233
"Secondary visual cortex, lateral area, anterior region, layer6a",V2La-6a,601
"Secondary visual cortex, lateral area, anterior region, layer6b",V2La-6b,649
"Secondary visual cortex, lateral area, intermediate region",V2Li,409
"Secondary visual cortex, lateral area, intermediate region, layer1",V2Li-1,421
"Secondary visual cortex, lateral area, intermediate region, layer2/3",V2Li-2/3,973
"Secondary visual cortex, lateral area, intermediate region, layer4",V2Li-4,573
"Secondary visual cortex, lateral area, intermediate region, layer5",V2Li-5,613
"Secondary visual cortex, lateral area, intermediate region, layer6a",V2Li-6a,74
"Secondary visual cortex, lateral area, intermediate region, layer6b",V2Li-6b,121
"Secondary visual cortex, lateral area, posterior region",V2Lp,425
"Secondary visual cortex, lateral area, posterior region, layer1",V2Lp-1,750
"Secondary visual cortex, lateral area, posterior region, layer2/3",V2Lp-2/3,269
"Secondary visual cortex, lateral area, posterior region, layer4",V2Lp-4,869
"Secondary visual cortex, lateral area, posterior region, layer15",V2Lp-5,902
"Secondary visual cortex, lateral area, posterior region, layer6a",V2Lp-6a,377
"Secondary visual cortex, lateral area, posterior region, layer6b",V2Lp-6b,393
"Secondary Visual Cortex, Medial area",V2M,2096
"Secondary visual cortex, mediolateral area",V2ML,2097
"Secondary visual cortex, mediolateral area, layer1",V2ML-1,2393
"Secondary visual cortex, mediolateral area, layer2/3",V2ML-2/3,2409
"Secondary visual cortex, mediolateral area, layer4",V2ML-4,2410
"Secondary visual cortex, mediolateral area, layer5",V2ML-5,2411
"Secondary visual cortex, mediolateral area, layer6a",V2ML-6a,2412
"Secondary visual cortex, mediolateral area, layer6b",V2ML-6b,2413
"Secondary visual cortex, mediomedial area, anterior region",V2MMa,394
"Secondary visual cortex, mediomedial area, anterior region, layer1",V2MMa-1,281
"Secondary visual cortex, mediomedial area, anterior region, layer2/3",V2MMa-2/3,1066
"Secondary visual cortex, mediomedial area, anterior region, layer4",V2MMa-4,401
"Secondary visual cortex, mediomedial area, anterior region, layer5",V2MMa-5,433
"Secondary visual cortex, mediomedial area, anterior region, layer6a",V2MMa-6a,1046
"Secondary visual cortex, mediomedial area, anterior region, layer6b",V2MMa-6b,441
"Secondary visual cortex, mediomedial area, posterior region",V2MMp,533
"Secondary visual cortex, mediomedial area, posterior region, layer1",V2MMp-1,805
"Secondary visual cortex, mediomedial area, posterior region, layer2/3",V2MMp-2/3,41
"Secondary visual cortex, mediomedial area, posterior region, layer4",V2MMp-4,501
"Secondary visual cortex, mediomedial area, posterior region, layer5",V2MMp-5,565
"Secondary visual cortex, mediomedial area, posterior region, layer6a",V2MMp-6a,257
"Secondary visual cortex, mediomedial area, posterior region, layer6b",V2MMp-6b,469
Primary visual cortex,V1,385
"Primary visual cortex, layer1",V1-1,593
"Primary visual cortex, layer2/3",V1-2/3,821
"Primary visual cortex, layer4",V1-4,721
"Primary visual cortex, layer5",V1-5,778
"Primary visual cortex, layer6a",V1-6a,33
"Primary visual cortex, layer6b",V1-6b,305
"Primary visual cortex, monocular area",V1M,2098
"Primary visual cortex, monocular area, layer1",V1M-1,2428
"Primary visual cortex, monocular area, layer2/3",V1M-2/3,2429
"Primary visual cortex, monocular area, layer4",V1M-4,2430
"Primary visual cortex, monocular area, layer5",V1M-5,2431
"Primary visual cortex, monocular area, layer6a",V1M-6a,2432
"Primary visual cortex, monocular area, layer16b",V1M-6b,2433
"Primary visual cortex, binocular area",V1B,2133
"Primary visual cortex, binocular area, layer1",V1B-1,2434
"Primary visual cortex, binocular area, layer2/3",V1B-2/3,2435
"Primary visual cortex, binocular area, layer4",V1B-4,2436
"Primary visual cortex, binocular area, layer5",V1B-5,2437
"Primary visual cortex, binocular area, layer6a",V1B-6a,2438
"Primary visual cortex, binocular area, layer6b",V1B-6b,2439
Cingulate cortex,A24 (Cg),31
"Cingulate cortex, area 24b ",A24b (Cg1),2345
"Cingulate cortex, area 24b, layer1",A24b (Cg1)-1,2346
"Cingulate cortex, area 24b, layer2/3",A24b (Cg1)-2/3,2347
"Cingulate cortex, area 24b, layer5",A24b (Cg1)-5,2348
"Cingulate cortex, area 24b, layer6a",A24b (Cg1)-6a,2349
"Cingulate cortex, area 24b, layer6b",A24b (Cg1)-6b,2350
"Cingulate cortex, area 24b2",A24b2 (Cg1),39
"Cingulate cortex, area 24b2, layer1",A24b2 (Cg1)-1,935
"Cingulate cortex, area 24b2, layer2/3",A24b2 (Cg1)-2/3,211
"Cingulate cortex, area 24b2, layer5",A24b2 (Cg1)-5,1015
"Cingulate cortex, area 24b2, layer6a",A24b2 (Cg1)-6a,919
"Cingulate cortex, area 24b2, layer6b",A24b2 (Cg1)-6b,927
"Cingulate cortex, area 24a2",A24a2 (Cg2),48
"Cingulate cortex, area 24a2, layer1",A24a2 (Cg2)-1,588
"Cingulate cortex, area 24a2, layer2/3",A24a2 (Cg2)-2/3,296
"Cingulate cortex, area 24a2, layer5",A24a2 (Cg2)-5,772
"Cingulate cortex, area 24a2, layer6a",A24a2 (Cg2)-6a,810
"Cingulate cortex, area 24a2, layer6b",A24a2 (Cg2)-6b,819
"Cingulate cortex, area 32 (Prelimbic cortex)",A32 (PrL),972
"Cingulate cortex, area 32 (Prelimbic cortex), layer1",A32 (PrL)-1,171
"Cingulate cortex, area 32 (Prelimbic cortex), layer2",A32 (PrL)-2,195
"Cingulate cortex, area 32 (Prelimbic cortex), layer2/3",A32 (PrL)-2/3,304
"Cingulate cortex, area 32 (Prelimbic cortex), layer5",A32 (PrL)-5,363
"Cingulate cortex, area 32 (Prelimbic cortex), layer6a",A32 (PrL)-6a,84
"Cingulate cortex, area 32 (Prelimbic cortex), layer6b",A32 (PrL)-6b,132
Orbital cortex,O,714
Lateral orbital cortex,LO,723
"Lateral orbital cortex, layer1",LO-1,448
"Lateral orbital cortex, layer2/3",LO-2/3,412
"Lateral orbital cortex, layer5",LO-5,630
"Lateral orbital cortex, layer6a",LO-6a,440
"Lateral orbital cortex, layer6b",LO-6b,488
Medial orbital cortex,MO,731
"Medial orbital cortex, layer1",MO-1,484
"Medial orbital cortex, layer2/3",MO-2/3,524
"Medial orbital cortex, layer5",MO-5,582
"Medial orbital cortex, layer6a",MO-6a,620
"Medial orbital cortex, layer6b",MO-6b,910
Ventral orbital cortex,VO,738
"Orbital cortex, ventral part, layer 1",VO-1,2320
"Orbital cortex, ventral part, layer 2/3",VO-2/3,2321
"Orbital cortex, ventral part, layer 5",VO-5,2322
"Orbital cortex, ventral part, layer 6a",VO-6a,2323
"Orbital cortex, ventral part, layer 6b",VO-6b,2324
,,
,,
,,
,,
,,
,,
Agranular insular cortex,AI,95
"Agranular insular cortex, layer 1",AI1,2331
"Agranular insular cortex, layer 2/3",AI2/3,2332
"Agranular insular cortex, layer 5",AI5,2333
"Agranular insular cortex, dorsal part",AID,104
"Agranular insular cortex, dorsal part, layer1",AID-1,996
"Agranular insular cortex, dorsal part, layer2/3",AID-2/3,328
"Agranular insular cortex, dorsal part, layer5",AID-5,1101
"Agranular insular cortex, dorsal part, layer6a",AID-6a,783
"Agranular insular cortex, dorsal part, layer6b",AID-6b,831
Dorsolateral orbital cortex,DLO,2020
"Dorsolateral orbital cortex, layer 1",DLO-1,2326
"Dorsolateral orbital cortex, layer 2/3",DLO-2/3,2327
Dorsolateral orbital cortex layer 5,DLO-5,2328
Dorsolateral orbital cortex layer 6a,DLO-6a,2329
Dorsolateral orbital cortex layer 6b,DLO-6b,2330
"Agranular insular cortex, posterior part",AIP,111
"Agranular insular cortex, posterior part, layer1",AIP-1,120
"Agranular insular cortex, posterior part, layer2/3",AIP-2/3,163
"Agranular insular cortex, posterior part, layer5",AIP-5,344
"Agranular insular cortex, posterior part, layer6a",AIP-6a,314
"Agranular insular cortex, posterior part, layer6b",AIP-6b,355
"Agranular insular cortex, ventral part",AIV,119
"Agranular insular cortex, ventral part, layer1",AIV-1,704
"Agranular insular cortex, ventral part, layer2/3",AIV-2/3,694
"Agranular insular cortex, ventral part, layer5",AIV-5,800
"Agranular insular cortex, ventral part, layer6a",AIV-6a,675
"Agranular insular cortex, ventral part, layer6b",AIV-6b,699
"Cingulate cortex, area 29 and 30 (retrosplenial cortex)",A29-30 (RS),254
,,
,,
,,
,,
,,
,,
"Cingulate cortex, area 30 (Retrosplenial dysgranular cortex)",A30 (RSD),879
"Cingulate cortex, area 30 (Retrosplenial dysgranular cortex), layer1",A30 (RSD)-1,442
"Cingulate cortex, area 30 (Retrosplenial dysgranular cortex), layer2/3",A30 (RSD)-2/3,434
"Cingulate cortex, area 30 (Retrosplenial dysgranular cortex), layer4",A30 (RSD)-4,545
"Cingulate cortex, area 30 (Retrosplenial dysgranular cortex), layer5",A30 (RSD)-5,610
"Cingulate cortex, area 30 (Retrosplenial dysgranular cortex), layer6a",A30 (RSD)-6a,274
"Cingulate cortex, area 30 (Retrosplenial dysgranular cortex), layer6b",A30 (RSD)-6b,330
"Cingulate cortex, area 29 (Retrosplenial granular cortex)",A29 (RSG),886
"Cingulate cortex, area 29c (Retrosplenial granular cortex c)",A29c (RSGc),2132
"Cingulate cortex, area 29c (Retrosplenial granular cortex c), layer1",A29c (RSGc)-1,542
"Cingulate cortex, area 29c (Retrosplenial granular cortex c), layer2",A29c (RSGc)-2,606
"Cingulate cortex, area 29c (Retrosplenial granular cortex c), layer2/3",A29c (RSGc)-2/3,430
"Cingulate cortex, area 29c (Retrosplenial granular cortex c), layer5",A29c (RSGc)-5,687
"Cingulate cortex, area 29c (Retrosplenial granular cortex c), layer6a",A29c (RSGc)-6a,590
"Cingulate cortex, area 29c (Retrosplenial granular cortex c), layer6b",A29c (RSGc)-6b,622
"Cingulate cortex, area 29b (Retrosplenial granular cortex b)",A29b (RSGb),2066
"Cingulate cortex, area 29b (Retrosplenial granular cortex b), layer1",A29b (RSGb)-1,2416
"Cingulate cortex, area 29b (Retrosplenial granular cortex b), layer2/3",A29b (RSGb)-2/3,2417
"Cingulate cortex, area 29b (Retrosplenial granular cortex b), layer5",A29b (RSGb)-5,2418
"Cingulate cortex, area 29b (Retrosplenial granular cortex b), layer6a",A29b (RSGb)-6a,2419
"Cingulate cortex, area 29b (Retrosplenial granular cortex b), layer6b",A29b (RSGb)-6b,2420
"Cingulate cortex, area 29a (Retrosplenial granular cortex a)",A29a (RSGa),2067
"Cingulate cortex, area 29a (Retrosplenial granular cortex a), layer1",A29a (RSGa)-1,2421
"Cingulate cortex, area 29a (Retrosplenial granular cortex a), layer2/3",A29a (RSGa)-2/3,2422
"Cingulate cortex, area 29a (Retrosplenial granular cortex a), layer5",A29a (RSGa)-5,2423
"Cingulate cortex, area 29a (Retrosplenial granular cortex a), layer6a",A29a (RSGa)-6a,2424
"Cingulate cortex, area 29a (Retrosplenial granular cortex a), layer6b",A29a (RSGa)-6b,2425
parietal association cortex,PtA,22
,,
,,
,,
,,
,,
,,
Medial parietal association cortex,MPtA,2056
"Medial parietal association cortex, layer 1",MPtA-1,2381
"Medial parietal association cortex, layer 2/3",MPtA-2,2382
"Medial parietal association cortex, layer 4",MPtA-4,2383
"Medial parietal association cortex, layer 5",MPtA-5,2384
"Medial parietal association cortex, layer 6a",MPtA-6a,2385
"Medial parietal association cortex, layer 6b",MPtA-6b,2386
Lateral parietal association cortex,LPtA,2057
"Lateral parietal association cortex, layer 1",LPtA-1,2387
"Lateral parietal association cortex, layer 2/3",LPtA-2/3,2388
"Lateral parietal association cortex, layer 4",LPtA-4,2389
"Lateral parietal association cortex, layer 5",LPtA-5,2390
"Lateral parietal association cortex, layer 6a",LPtA-6a,2391
"Lateral parietal association cortex, layer 6b",LPtA-6b,2392
"parietal cortex, posterior area, dorsal part",PtPD,2082
"Parietal cortex, posterior area, dorsal part, layer1",PtPD-1,2402
"Parietal cortex, posterior area, dorsal part, layer2/3",PtPD-2/3,2403
"Parietal cortex, posterior area, dorsal part, layer4",PtPD-4,2404
"Parietal cortex, posterior area, dorsal part, layer5",PtPD-5,2405
"Parietal cortex, posterior area, dorsal part, layer6a",PtPD-6a,2406
"Parietal cortex, posterior area, dorsal part, layer6b",PtPD-6b,2407
Temporal association cortex,TeA ,541
"Temporal association cortex, layer1",TeA-1,97
"Temporal association cortex, layer2/3",TeA-2/3,1127
"Temporal association cortex, layer4",TeA-4,234
"Temporal association cortex, layer5",TeA-5,289
"Temporal association cortex, layer6a",TeA-6a,729
"Temporal association cortex, layer6b",TeA-6b,786
Perihinal cortex,PRh,922
"Perihinal cortex, layer6a",PRh-6a,335
"Perihinal cortex, layer6b",PRh-6b,368
"Parietal cortex, posterior area, rostral part",PtPR,2286
"Parietal cortex, posterior area, rostral part, layer1",PtPR-1,2396
"Parietal cortex, posterior area, rostral part, layer2/3",PtPR-2/3,2397
"Parietal cortex, posterior area, rostral part, layer4",PtPR-4,2398
"Parietal cortex, posterior area, rostral part, layer5",PtPR-5,2399
"Parietal cortex, posterior area, rostral part, layer6a",PtPR-6a,2400
"Parietal cortex, posterior area, rostral part, layer6b",PtPR-6b,2401
"Perihinal cortex, layer1",PRh-1,540
"Perihinal cortex, layer5",PRh-5,692
"Perihinal cortex, layer2/3",PRh-2/3,888
Ectorhinal cortex,Ect,895
"Ectorhinal cortex, layer1",Ect-1,836
"Ectorhinal cortex, layer2/3",Ect-2/3,427
"Ectorhinal cortex, layer5",Ect-5,988
"Ectorhinal cortex, layer6a",Ect-6a,977
"Ectorhinal cortex, layer6b",Ect-6b,1045
Olfactory areas,OLF,698
Main olfactory bulb,MOB,507
Glomerular layer of the olfactory bulb,Gl,212
Granule cell layer of the olfactory bulb,GrO,220
Internal plxiform layer of the olfactory bulb,IPl,228
Mitral cell layer of the olfactory bulb,Mi,236
External plexiform layer of the olfactory bulb,EPl,244
Accessory olfactory bulb,AOB,151
Glomerular layer of the accessory olfactory bulb,GlA,188
Granule cell layer of the accessory olfactory bulb,GrA,196
Mitral cell layer of the accessory olfactory bulb,MiA,204
External plexiform layer of the accessory olfactory b,EPIA,2021
Anterior olfactory area,AO,159
Anterior olfactory area dorsal part,AOD,167
Anterior olfactory area external part,AOE,175
Anterior olfactory area lateral part,AOL,183
Anterior olfactory area medial part,AOM,191
"Anterior olfactory area, posteroventral part",AOP/AOV,199
"Anterior olfactory area, ventral part",AOV,2318
"Anterior olfactory area, posterior part",AOP,2319
Anterior olfactory area layer 1,AO1,160
Anterior olfactory area layer 2,AO2,168
Taenia tecta,TT,589
Dorsal tenia tecta,DTT,597
"Dorsal tenia tecta, layer 1",DTT1,1034
"Dorsal tenia tecta, layer 2",DTT2,1042
"Dorsal tenia tecta, layer 3",DTT3,1050
"Dorsal tenia tecta, layer 4",DTT4,1059
Ventral tenia tecta,VTT,605
"Ventral tenia tecta, layer 1",VTT1,1067
"Ventral tenia tecta, layer 2",VTT2,1075
"Ventral tenia tecta, layer 3",VTT3,1082
"Cingulate cortex, area 25 (dorsal peduncular cortex)",A25 (DP),814
"Cingulate cortex, area 25 (dorsal peduncular cortex), layer1",A25 (DP)-1,496
"Cingulate cortex, area 25 (dorsal peduncular cortex), layer2",A25 (DP)-2,535
"Cingulate cortex, area 25 (dorsal peduncular cortex), layer2/3",A25 (DP)-2/3,360
"Cingulate cortex, area 25 (dorsal peduncular cortex), layer5",A25 (DP)-5,646
"Cingulate cortex, area 25 (dorsal peduncular cortex), layer6a",A25 (DP)-6a,267
Dorsal transition zone,DTr,2019
Piriform cortex,PIR,961
Piriform cortex 1,Pir1,276
Piriform cortex 2,Pir2,284
Piriform cortex 3,Pir3,291
Cortex-amygdala transition zone,CxA,2024
Cortex-amygdala transition zone Layer1,CxA1,2303
Cortex-amygdala transition zone Layer2,CxA2,2304
Cortex-amygdala transition zone Layer3,CxA3,2305
Nucleus of the lateral olfactory tract,LOT,619
Nucleus of the lateral olfactory tract 1,LOT1,260
Nucleus of the lateral olfactory tract 2,LOT2,268
Nucleus of the lateral olfactory tract 3,LOT3,1139
cortical amygdaloid nucleus,CO,631
Anterior cortical amygdaloid nucleus,ACo ,639
"Anterior cortical amygdaloid nucleus, layer1",ACo-1,192
"Anterior cortical amygdaloid nucleus, layer2",ACo-2,200
"Anterior cortical amygdaloid nucleus, layer3",ACo-3,208
Posterior cortical amygdaloid area,PCO,647
Posterolateral cortical amygdaloid area,PLCo,655
Posterolateral cortical amygdaloid area 1,PLCo1,216
Posterolateral cortical amygdaloid area 2,PLCo2,224
Posterolateral cortical amygdaloid area 3,PLCo3,232
Posteromedial cortical amygdaloid area,PMCo,663
Posteromedial cortical amygdaloid area 1,PMCo1,240
Posteromedial cortical amygdaloid area 2,PMCo2,248
Posteromedial cortical amygdaloid area 3,PMCo3,256
Rostral amygdalopiriform area,RAPir,788
Rostral amygdalopiriform area 1,RAPir1,408
Rostral amygdalopiriform area 2,RAPir2,416
Rostral amygdalopiriform area 3,RAPir3,424
Amygdalopiriform transition area,Apir,566
"Postpiriform transition area, layers 1",APir1,1140
"Postpiriform transition area, layers 2",APir2,1141
"Postpiriform transition area, layers 3",APir3,1142
Hippocampal formation,HPF,1089
Hippocampal region,HIP,1080
"'""Ammon''s horn""'",CA,375
Field CA1 of the hippocampus,CA1,382
Field CA1 of the hippocampus- lacunosum moleculare layer of the hippocampus,LMol ,391
Field CA1 of the hippocampus- oriens layer of the hippocampus,Or,399
Field CA1 of the hippocampus- pyramidal layer of the hippocampus,Py,407
Field CA1 of the hippocampus- radiatum layer of the hippocampus,Rad,415
Field CA2 of the hippocampus,CA2,423
Field CA2 of the hippocampus- lacunosum moleculare layer of the hippocampus,LMol ,431
Field CA2 of the hippocampus- oriens layer of the hippocampus,Or,438
Field CA2 of the hippocampus- pyramidal layer of the hippocampus,Py,446
Field CA2 of the hippocampus- radiatum layer of the hippocampus,Rad,454
Field CA3 of the hippocampus,CA3,463
Field CA3 of the hippocampus- lacunosum moleculare layer of the hippocampus,LMol ,471
Field CA3 of the hippocampus- stratum lucidum of the hippocampus,SLu ,479
Field CA3 of the hippocampus- oriens layer of the hippocampus,Or,486
Field CA3 of the hippocampus- pyramidal layer of the hippocampus,Py,495
Field CA3 of the hippocampus- radiatum layer of the hippocampus,Rad,504
Dentate gyrus,DG,726
Molecular layer of the dentate gyrus,MoDG,10703
Polymorph layer of the dentate gyrus,PoDG,10704
Granule cell layer of the dentate gyrus,GrDG,632
,,
,,
,,
,,
,,
,,
,,
,,
,,
,,
,,
,,
,,
Fasciola cinereum,FC,982
Induseum griseum,IG,19
Retrohippocampal region,RHP,822
Entorhinal area,ENT,909
Dorsolateral entorhinal cortex,DLEnt,918
"Dorsolateral entorhinal cortex, layer 1",DLEnt1,1121
"Dorsolateral entorhinal cortex, layer 2",DLEnt2,20
"Dorsolateral entorhinal cortex, layer 2/3",DLEnt2/3,999
"Dorsolateral entorhinal cortex, layer 2a",DLEnta,715
"Dorsolateral entorhinal cortex, layer 2b",DLEntb,764
"Dorsolateral entorhinal cortex, layer 3",DLEnt3,52
"Dorsolateral entorhinal cortex, layer 4",DLEnt4,92
"Dorsolateral entorhinal cortex, layer 4/5",DLEnt4/5,312
"Dorsolateral entorhinal cortex, layer 5",DLEnt5,139
"Dorsolateral entorhinal cortex, layer 5/6",DLEnt5/6,387
"Dorsolateral entorhinal cortex, layer 6a",DLEnt6a,28
"Dorsolateral entorhinal cortex, layer 6b",DLEnt6b,60
Dorsal intermediate entorhinal cortex,DIEnt,926
"Dorsal intermediate entorhinal cortex, layer 1",DIEnt1,526
"Dorsal intermediate entorhinal cortex, layer 2",DIEnt2,543
"Dorsal intermediate entorhinal cortex, layer 2a",DIEnt2a,468
"Dorsal intermediate entorhinal cortex, layer 2b",DIEnt2b,508
"Dorsal intermediate entorhinal cortex, layer 2/3",DIEnt2/3,2408
"Dorsal intermediate entorhinal cortex, layer 3",DIEnt3,664
"Dorsal intermediate entorhinal cortex, layer 4",DIEnt4,712
"Dorsal intermediate entorhinal cortex, layer 5",DIEnt5,727
"Dorsal intermediate entorhinal cortex, layer 5/6",DIEnt5/6,550
"Dorsal intermediate entorhinal cortex, layer 6",DIEnt6,743
Ventral intermediate entorhinal cortex,VIEnt,934
"Ventral intermediate entorhinal cortex, layer 1",VIEnt1,259
"Ventral intermediate entorhinal cortex, layer 2",VIEnt2,324
"Ventral intermediate entorhinal cortex, layer 3",VIEnt3,371
"Ventral intermediate entorhinal cortex, layer 4",VIEnt4,419
"Ventral intermediate entorhinal cortex, layer 5/6",VIEnt5/6,1133
Medial entorhinal cortex,MEnt,2159
"Medial entorhinal cortex, layer 1",MEnt1,2164
"Medial entorhinal cortex, layer 2",MEnt2,2444
"Medial entorhinal cortex, layer 3",MEnt3,2445
"Medial entorhinal cortex, layer 5",MEnt5,2446
"Medial entorhinal cortex, layer 6",MEnt6,2447
Caudomedial entothinal cortex,CEnt,2161
"Caudomedial entothinal cortex, layer 1",CEnt1,2448
"Caudomedial entothinal cortex, layer 2",CEnt2,2449
"Caudomedial entothinal cortex, layer 3",CEnt3,2450
"Caudomedial entothinal cortex, layer 5",CEnt5,2451
"Caudomedial entothinal cortex, layer 6",CEnt6,2452
Parasubiculum,PaS,843
"Parasubiculum, layer 1",PaS1,10693
"Parasubiculum, layer 2",PaS2,10694
"Parasubiculum, layer 3",PaS3,10695
Postsubiculum,Post,1037
"Postsubiculum, layer 1",Post1,10696
"Postsubiculum, layer 2",Post2,10697
"Postsubiculum, layer 3",Post3,10698
Presubiculum,PrS,1084
"Presubiculum, layer 1",PrS1,10699
"Presubiculum, layer 2",PrS2,10700
"Presubiculum, layer 3",PrS3,10701
Subiculum,SUB,502
Dorsal subiculum,DS,509
"Dorsal subiculum, molecular layer",DS-m,829
"Dorsal subiculum, pyramidal layer",DS-sp,845
"Dorsal subiculum, stratum radiatum",DS-sr,837
Ventral subiculum,VS,518
"Ventral subiculum, molecular layer",VS-m,853
"Ventral subiculum, pyramidal layer",VS-sp,870
"Ventral subiculum, stratum radiatum",VS-sr,861
"Subiculum, transition area",STr,2440
"Subiculum, transition area, molecular layer",STr-m,2441
"Subiculum, transition area, pyramidal layer",STr-sp,2442
"Subiculum, transition area, stratum radiatum",STr-sr,2443
Cortical subplate,CTXsp,703
"Layer 6b, isocortex",6b,16
Claustrum,Cl,583
Dorsal claustrum,DCl,2002
Ventral claustrum,VCl,2003
Endopiriform nucleus,En,942
Dorsal endopiriform nucleus,DEn ,952
Ventral endopiriform nucleus,VEn,966
Intermediate endopiriform claustrum,IEn,2085
Retroendopiriform nucleus ,REn,2426
Lateral amygdaloid nucleus,La,131
"Lateral amygdaloid nucleus, dorsolateral part",LaDL,2068
"Lateral amygdaloid nucleus, ventrolateral part",LaVL,2052
"Lateral amygdaloid nucleus, ventromedial part",LaVM,2060
Basolateral amygdalar nucleus,BL,295
"Basolateral amygdaloid nucleus, anterior part",BLA,303
"Basolateral amygdaloid nucleus, posterior part",BLP,311
"Basolateral amygdaloid nucleus, ventral part",BLV,451
Basomedial amygdalar nucleus,BM,319
"Basomedial amygdaloid nucleus, anterior part",BMA,327
"Basomedial amygdaloid nucleus, posterior part",BMP,334
Amygdalohippocampal area,AHi,780
"Amygdalohippocampal area, anterolateral part",AHiAL,2086
"Amygdalohippocampal area, posteromedial part",AHiPM,2087
"Amygdalohippocampal area, posterolateral",AHiPL,2088
Cerebral nuclei,CNU,623
Striatum,STR,477
Striatum dorsal region,STRd,485
Caudate Putamen ,CP,672
Caudoputamen- rostral extreme,CPre,2376
Caudoputamen- rostral,CPr,2491
"Caudoputamen- rostral, medial","CPr, m",2294
"Caudoputamen- rostral, intermediate, dorsal","CPr, imd",2295
"Caudoputamen- rostral, intermediate, ventral","CPr, imv",2296
"Caudoputamen- rostral, lateral","CPr, l",2497
"Caudoputamen- rostral, lateral, lateral strip","CPr, l, ls",2395
"Caudoputamen- rostra,l lateral, ventromedial","CPr, l, vm",2297
Caudoputamen- intermediate,CPi,2492
"Caudoputamen- intermediate, dorsomedial","CPi, dm",2498
"Caudoputamen- intermediate, dorsomedial, dorsolateral","CPi, dm, dl",2299
"Caudoputamen- intermediate, dorsomedial, intermedial","CPi, dm, im",2298
"Caudoputamen- intermediate, dorsomedial, central dorsal","CPi, dm, cd",2374
"Caudoputamen- intermediate, dorsomedial, dorsal tip ","CPi, dm, dt",2380
"Caudoputamen- intermediate, ventromedial","CPi, vm",2500
"Caudoputamen- intermediate, ventromedial, ventromedial","CPi, vm, vm",2302
"Caudoputamen- intermediate, ventromedial, ventral","CPi, vm, v",2480
"Caudoputamen- intermediate, ventromedial, central ventromedial","CPi, vm, cvm",2483
"Caudoputamen- intermediate, dorsolateral, ","CPi, dl",2499
"Caudoputamen- intermediate, dorsolateral, dorsal","CPi, dl, d",2300
"Caudoputamen- intermediate, dorsolateral, intermedial dorsal","CPi, dl, imd",2301
"Caudoputamen- intermediate, ventrolateral","CPi, vl",2501
"Caudoputamen- intermediate, ventrolateral, intermedial ventral","CPi, vl, imv",2479
"Caudoputamen- intermediate, ventrolateral, ventral","CPi, vl, v",2482
"Caudoputamen- intermediate, ventrolateral, ventral tip","CPi, vl, vt",2481
"Caudoputamen- intermediate, ventrolateral, central ventrolateral","CPi, vl, cvl",2370
Caudoputamen- caudal,CPc,2496
"Caudoputamen- caudal, dorsal","CPc, d",2493
"Caudoputamen- caudal, dorsal, dorsomedial","CPc, d, dm",2484
"Caudoputamen- caudal, dorsal, dorsolateral","CPc, d, dl",2485
"Caudoputamen- caudal, dorsal, ventromedial","CPc, d, vm",2486
"Caudoputamen- caudal, intermediate","CPc, i",2494
"Caudoputamen- caudal, intermediate, dorsal","CPc, i, d",2487
"Caudoputamen- caudal, intermediate, ventromedial","CPc, i, vm",2489
"Caudoputamen- caudal, intermediate, ventrolateral","CPc, i, vl",2488
"Caudoputamen- caudal, ventral","CPc, v",2490
Caudoputamen- caudal extreme,CPce,2495
Lateral stripe of the striatum ,LSS,2001
Amygdalostriatal transition area,ASt ,2050
Striatum ventral region,STRv,493
Accumbens nucleus,Acb,56
"Accumbens nucleus, core region",AcbC,2074
"Accumbens nucleus, shell region",AcbSh,2006
"Lateral accumbens, shell region",LAcbSh,2007
Interstitial nucleus of the posterior limb of the anterior commissure,IPAC,998
"Interstitial nucleus of the posterior limb of the anterior commissure, medial part",IPACM,2012
"Interstitial nucleus of the posterior limb of the anterior commissure, lateral part",IPACL,2372
Olfactory tubercle,Tu,754
Island of Calleja,ICj,481
"Island of Calleja, major island",ICjM,489
Olfactory tubercle 1 ,Tu1,458
Olfactory tubercle 2,Tu2,465
Olfactory tubercle 3,Tu3,473
Navicular nucleus of the basal forebrain,Nv,2018
Lateral septal complex,LSX,275
Lateral septal nucleus,LS,242
"Lateral septal nucleus, dorsal part",LSD,250
"Lateral septal nucleus, intermediate part",LSI,258
"Lateral septal nucleus, ventral part",LSV,266
Zona limitans,ZL,2008
Septofimbrial nucleus,SFi ,310
Septohippocampal nucleus,SHi ,333
Septohypothalamic nucleus,SHy ,2009
Striatum-like amygdalar nuclei,sAMY,278
Anterior amygdaloid area,AA,23
Bed nucleus of the accessory olfactory tract,BAOT,292
Central amygdalar nucleus,Ce,536
"Central amygdaloid nucleus, capsular part",CeC,544
"Central amygdaloid nucleus, lateral part",CeL,551
"Central amygdaloid nucleus, medial part",CeM,559
Intercalated nuclei of the amygdala,I,1105
"Intercalated amygdalar nucleus, main part",IM,2375
Medial amygdaloid nucleus,Me,403
"Medial amygdaloid nucleus, anterodorsal part",MeAD,411
"Medial amygdaloid nucleus, anterventral part",MeAV,418
"Medial amygdaloid nucleus, posterodorsal part",MePD,426
,,
,,
,,
"Medial amygdaloid nucleus, posteroventral part",MePV ,435
Pallidum,PAL,803
,,
Globus pallidus,GP,1022
Entopeduncular nucleus,EP,1031
Ventral pallidum,VP,835
Substantia innominata,SI,342
"Substantia innominata, basal part",SIB,2371
Extension of the amygdala,EA,2027
Cell bridges of the ventral striatum,CB,2013
Magnocellular nucleus,MCPO,298
Basal nucleus (Meynert),B,2028
"Pallidum, medial region",PALm,826
Medial septal complex,MSC,904
Medial septal nucleus,MS,564
Lambdoid septal zone,Ld,2005
Diagonal band nucleus,NDB,2280
Nucleus of the vertical limb of the diagonal band,VDB,596
Lateral nucleus of the diagnoal band,LDB,2293
Nucleus of the horizontal limb of the diagonal band,HDB,2004
Triangular septal nucleus,TS,581
"Pallidum, caudal region",PALc,809
Nucleus of stria medullaris,SM,2308
Bed nuclei of the stria terminalis,ST,351
"Bed nuclei of the stria terminalis, anterior division",STa,359
"Bed nucleus of the stria terminalis, medial division, anterolateral part",STMAL,537
"Bed nucleus of the stria terminalis, medial division, anterior part",STMA,498
,,
"Bed nuclei of the stria terminalis, fusiform nucleus",Fu,513
"Bed nucleus of the stria terminalis, lateral division, juxtacapsular part",STLJ,546
,,
"Bed nucleus of the stria terminalis, lateral division, dorsal part",STLD,554
,,
"Bed nucleus of the stria terminalis, medial division, posterolateral part",STMPL,529
"Bed nuclei of the stria terminalis, medial division",STm,2359
"Bed nucleus of the stria terminalis, medial division, ventral part",STMV,2010
"Bed nucleus of the stria terminalis, medial division, posteromedial part",STMPM,2025
"Bed nuclei of the stria terminalis, posterior division",STp,367
,,
"Bed nucleus of the stria terminalis, medial division, anteromedial part",STMAM,578
"Bed nucleus of the stria terminalis, medial division, posterointermediate part",STMPI,585
,,
,,
"Bed nuclei of the stria terminialis, lateral division",STl,2360
"Bed nuclus of the stria terminalis, lateral division, posterior part",STLP,2015
"Bed nucleus of the stria terminalis, lateral division, ventral part ",STLV,2014
"Bed nucleus of the stria terminalis, lateral division, intermediate part",STLI,2022
"Bed nucleus of the stria terminalis, intraamygdaloid",STIA,2049
Bed nucleus of the anterior commissure,BAC,287
Cerebellum,CBL,512
Cerebellar cortex,CBX,528
Vermal regions,VERM,645
Lobule 1 of the cerebellar vermis,1Cb,912
"Lobule 1 of the cerebellar vermis, molecular layer",1Cb-mo,10707
,,
"Lobule 1 of the cerebellar vermis, granular layer",1Cb-gr,10705
,,
Lobule 2 of the cerebellar vermis,2Cb,976
"Lobule 2 of the cerebellar vermis, molecular layer",2Cb-mo,10710
,,
"Lobule 2 of the cerebellar vermis, granular layer",2Cb-gr,10708
Lobule 3 of the cerebellar vermis,3Cb,984
"Lobule 3 of the cerebellar vermis, molecular layer",3Cb-mo,10713
,,
"Lobule 3 of the cerebellar vermis, granular layer",3Cb-gr,10711
Culmen,CUL,928
Lobule 4 of the cerebellar vermis,4Cb,992
,,
,,
,,
Lobule 5 of the cerebellar vermis,5Cb,1001
,,
,,
,,
Lobules 4 and 5 of the cerebellar vermis,4/5Cb,1091
"Lobules 4 and 5 of the cerebellar vermis, molecular layer",4/5Cb-mo,10722
,,
"Lobules 4 and 5 of the cerebellar vermis, granular layer",4/5Cb-gr,10720
Lobule 6 of the cerebellar vermis,6Cb,936
"Lobule 6 of the cerebellar vermis, molecular layer",6Cb-mo,10725
,,
"Lobule 6 of the cerebellar vermis, granular layer",6Cb-gr,10723
Lobule 7 of the cerebellar vermis,7Cb,944
"Lobule 7 of the cerebellar vermis, molecular layer",7Cb-mo,10728
,,
"Lobule 7 of the cerebellar vermis, granular layer",7Cb-gr,10726
Lobule 8 of the cerebellar vermis,8Cb,951
"Lobule 8 of the cerebellar vermis, molecular layer",8Cb-mo,10731
,,
"Lobule 8 of the cerebellar vermis, granular layer",8Cb-gr,10729
Lobule 9 of the cerebellar vermis,9Cb,957
"Lobule 9 of the cerebellar vermis, molecular layer",9Cb-mo,10734
,,
Lobule 9 of the cerebellar vermis,9Cb-gr,10732
Lobule 10 of the cerebellar vermis,10Cb,968
"Lobule 10 of the cerebellar vermis, molecular layer",10Cb-mo,10737
,,
"Lobule 10 of the cerebellar vermis, granular layer",10Cb-gr,10735
Hemispheric regions,HEM,1073
Simple lobule,Sim,1007
"Simple lobule, molecular layer",Sim-mo,10674
,,
"Simple lobule, granular layer",Sim-gr,10672
,,
Crus 1 of the ansiform lobule,Crus1,1056
"Crus 1 of the ansiform lobule, molecular layer",Crus1-mo,10677
,,
"Crus 1 of the ansiform lobule, granular layer",Crus1-gr,10675
Crus 2 of the ansiform lobule,Crus2,1064
"Crus 2 of the ansiform lobule, molecular layer",Crus2-mo,10680
,,
"Crus 2 of the ansiform lobule, granular layer",Crus2-gr,10678
Paramedian lobule,PM,1025
"Paramedian lobule, molecular layer",PM-mo,10683
,,
"Paramedian lobule, granular layer",PM-gr,10681
Copula of the pyramis,Cop,1033
"Copula of the pyramis, molecular layer",Cop-mo,10686
,,
"Copula of the pyramis, granular layer",Cop-gr,10684
Paraflocculus,PFl,1041
"Paraflocculus, molecular layer",PFl-mo,10689
,,
"Paraflocculus, granular layer",PFl-gr,10687
Flocculus,Fl,1049
"Flocculus, molecular layer",Fl-mo,10692
,,
"Flocculus, granular layer",Fl-gr,10690
,,
,,
,,
Cerebellar nuclei,CBN,519
Medial cerebellar nucleus,Med,989
"Medial cerebellar nucleus, dorsolateral protuberance",MedDL,2244
"Medial cerebellar nucleus, lateral part",MedL,2245
Interposed cerebellar nucleus,Int,91
"Interposed cerebellar nucleus, anterior part",IntA,2239
"Interposed cerebellar nucleus, dorsolateral hump",IntDL,2240
"Interposed cerebellar nucleus, posterior part",IntP,2241
"Interposed cerebellar nucleus, posterior parvicellular",IntPPC,2242
Dentate nucleus ,DN,2281
Lateral (dentate) cerebellar nucleus,Lat,846
"Lateral cerebellar nucleus, parvicellular part",LatPC,2247
Brain stem,BS,343
Interbrain,IB,1129
Thalamus,TH,549
Periventricular gray ,PVG,2414
"Thalamus, sensory-motor cortex related",DORsm,864
Ethmoid thalamic nucleus,Eth,2115
Retroethmoid nucleus,REth,2116
Scaphoid thalamic nucleus,Sc,2117
Posterior intralaminar thalamic nucleus,PIL,2120
Ventral group thalamic nucleus,VENT,637
Ventrolateral thalamic nucleus,VL,629
Ventral anterior thalamic nucleus,VA,2316
Ventromedial thalamic nucleus,VM,685
Ventral posterior thalamic nucleus,VP,709
Ventral posterolateral thalamic nucleus,VPL,718
Ventral posteromedial thalamic nucleus,VPM,733
"Ventral posteromedial nucleus of the thalamus, dorsal part",VPMd,2362
"Ventral posteromedial nucleus of the thalamus, ventral part",VPMv,2363
"Ventral posterior nucleus of the thalamus, parvicellular",VPPC,2361
,,
,,
Subparafascicular thalamic nucleus,SPF,406
,,
"Subparafascicular thalamic nucleus, parvicellular part",SPFPC,422
,,
Peripeduncular nucleus,PP,1044
Subbrachial nucleus,SubB,2158
Geniculate group of the thalamus,GENd,1008
Medial geniculate nucleus,MG,475
"Medial geniculate nucleus, dorsal part",MGD,1072
"Medial geniculate nucleus, ventral part",MGV,1079
"Medial geniculate nucleus, medial part",MGM,1088
Marginal zone of the medial geniculate,MZMG,2126
Dorsal lateral geniculate nucleus,DLG,170
"Thalamus, polymodal association cortex related",DORpm,856
Lateral group of the dorsal thalamus,LAT,138
Lateral posterior thalamic nucleus,LP,218
"Lateral posterior thalamic nucleus, mediorostral part",LPMR,2069
"Lateral posterior thalamic nucleus, mediocaudal part",LPMC,2070
"Lateral posterior thalamic nucleus, laterorostral part",LPLR,2071
"Lateral posterior thalamic nucleus, laterocaudal part",LPLC,2127
Intramedullary thalamic area,IMA,2094
Posterior thalamic nuclear group,Po,1020
Angular thalamic nucleus,Ang,2055
"Posterior thalamic nuclear group, triangular part",PoT,2128
Posterior limitans thalamic nucleus,PLi,1029
Suprageniculate thalamic nucleus,SG,325
Anterior group of the dorsal thalamus,ATN,239
Anteroventral thalamic nucleus,AV,255
"Anteroventral thalamic nucleus, ventrolateral part",AVVL,2035
"Anterovent thalamic nucleus, dorsomedial part",AVDM,2036
Anteromedial thalamic nucleus,AM,1096
,,
"Anteromedial thalamic nucleus, ventral part",AMV,1104
Anterodorsal thalamic nucleus,AD,64
Interanteromedial thalamic nucleus,IAM,1120
Interanterodorsal thalamic nucleus,IAD,1113
Lateral dorsal nucleus of thalamus,LD,2282
"Laterodorsal thalamic nucleus, ventrolateral part",LDVL,155
"Laterodorsal thalamic nucleus, dorsomedial part",LDDM,2046
Medial group of the dorsal thalamus,MED,444
Intermediodorsal thalamic nucleus,IMD,59
Posteromedian thalamic nucleus,PoMn,2091
Mediodorsal thalamic nucleus,MD,362
"Mediodorsal thalamic nucleus, central part",MDC,617
"Mediodorsal thalamic nucleus, lateral part ",MDL,626
"Mediodorsal thalamic nucleus, medial part",MDM,636
Submedius thalamic nucleus,Sub,366
"Submedius thalamic nucleus, dorsal part",SubD,2377
"Submedius thalamic nucleus, ventral part",SubV,2378
,,
Midline group of the dorsal thalamus,MTN,571
Paraventricular nucleus of the thalamus,PVT,149
"Paraventricular thalamic nucleus, anterior part",PV,2089
"Paraventricular thalamic nucleus, posterior part",PVP,2090
Parataenial thalamic nucleus,PT,15
Xiphoid thalamic nucleus,Xi,2038
Paraxiphoid nucleus of thalamus,PaXi,2039
Accessory neuosecretory nuclei,ANS,2032
Reuniens area,RE,181
Reuniens thalamic nucleus,Re,2092
Retrouniens area,RRe,2093
Ventral reuniens thalamic nucleus,VRe ,2037
Intralaminar nuclei of the dorsal thalamus,ILM,51
Rhomboid thalamic nucleus,Rh,189
Central medial thalamic nucleus,CM,599
Paracentral thalamic nucleus,PC,907
Oval paracentral thalamic nucleus,OPC,2064
Centrolateral thalamic nucleus,CL,575
Parafascicular thalamic nucleus,PaF,930
Reticular nucleus (prethalamus),Rt,262
"Geniculate group, ventral thalamus",GENv,1014
Intergeniculate leaflet,IGL,27
Pregeniculate nucleus of the prethalamus,PrG,178
"Pregeniculate nucleus, magnocellular part",PrGMC,2072
"Pregeniculate nucleus, parvicellular part",PrGPC,2073
,,
,,
Subgeniculate nucleus of the prethalamus,SubG,321
Epithalamus,EPI,958
Medial habenular nucleus,MHb,483
Lateral habenular nucleus,LHb,186
"Lateral habenular nucleus, medial part",LHbM,2058
"Lateral habenular nucleus, lateral part",LHbL,2059
Pineal gland,Pi,953
Hypothalamus,HY,1097
Periventricular zone,PVZ,157
Supraoptic nucleus,SO,390
"Supraoptic nucleus, retrochiasmatic part",SOR,2051
Episupraoptic nucleus,ESO,2034
Accessory supraoptic group,ASO,332
Circulur nucleus,Cir,432
"Paraventricular thalamic nucleus, anterior part",PVA,38
"Paraventricular hypothalamic nucleus, magnocellular division",PVAm,71
,,
"Paraventricular hypothalamic nucleus, medial magnocellular part",PaMM,79
,,
"Paraventricular hypothalamic nucleus, lateral magnocellular part",PaLM,652
"Paraventricular hypothalamic nucleus, posterior part",PaPo,660
"Paraventricular hypothalamic nucleus, parvicellular division",PVAp,94
"Paraventricular hypothalamic nucleus, anterior parivcellular part",PaAP,55
Anterior perifornical nucleus,APF,2026
"Paraventricular hypothalamic nucleus, medial parvicellular part",PaMP,87
,,
"Paraventricular hypothalamic nucleus, ventral part",PaV,30
,,
Arcuate hypothalamic nucleus,Arc,223
"Arcuate hypothalamic nucleus, dorsal part",ArcD,2061
"Arcuate hypothalamic nucleus, lateral part",ArcL,2062
"Arcuate hypothalamic nucleus, lateroposterior part",ArcLP,2104
"Arcuate hypothalamic nucleus, medial part",ArcM,2095
"Arcuate hypothalamic nucleus, medial posterior part",ArcMP,2103
Periventricular region,PVR,141
,,
,,
,,
Anteroventral periventricular nucleus,AVPe,272
Dorsomedial hypothalamic nucleus,DM,830
"Dorsomedial hypothalamic nucleus, dorsal part",DMD,2076
"Dorsomedial hypothalamic nucleus, compact part",DMC,2077
"Dorsomedial hypothalamic nucleus, ventral part",DMV,2078
"Dorsomedial nucleus of the hypothalamus, anterior part",DMHa,668
Median preoptic nucleus,MnPO,452
DA14 Dopamine Cells,DA14,2307
Medial preoptic area,MPA,523
Strial part of the preoptic area,StA,2016
Striohypothalamic nucleus,StHy,2023
Anterior commissural nucleus,AC,2306
Vascular organ of the lamina terminalis,VOLT,763
Posterodorsal preoptic nucleus,PDPO,914
Parastrial nucleus,PS,1109
,,
,,
Periventricular hypothalamic nucleus,Pe,133
Subparaventricular zone of the hypothalamus,SPa ,347
Suprachiasmatic nucleus,SCh,286
"Suprachiasmatic nucleus, dorsolateral part",SChDL,2030
"Suprachiasmatic nucleus, ventromedial part",SChVM,2031
Subfornical organ,SFO,338
Ventromedidal preoptic nucleus,VMPO,2011
Ventrolateral preoptic nucleus,VLPO,689
Hypothalamic medial zone,MEZ ,467
Anterior hypothalamic nucleus,AHN,88
"Anterior hypothalamic area, anterior part",AHA,700
"Anterior hypothalamic area, central part",AHC,708
,,
"Anterior hypothalamic area, posterior part",AHP,724
Lateroanterior hypothalamic nucleus,LA,2029
Stigmoid hypothalamic nucleus,Stg,2047
Mammillary body,MBO,331
Lateral mamilllary nucleus,LM,210
"Medial mammillary nucleus, medial part",MM,491
Mammillary recess of the 3rd ventricle,MRe,2118
"Medial mammillary nucleus, lateral part",ML,2119
"Medial mammillary nucleus, median part",MnM,732
Retromamillary nucleus,RM,525
"Retromamillary nucleus, lateral part",RML,1110
"Retromamillary nucleus, medial part",RMM,1118
Tuberomammillary nucleus,TM,557
Dorsal tuberomammillary nucleus,DTM,1126
Ventral tuberomammillary nucleus,VTM,1
Medial preoptic nucleus,MPO,515
,,
"Medial preoptic nucleus, lateral part",MPOL,748
"Medial preoptic nucleus, medial part",MPOM,756
"Premamillary nucleus, dorsal part",PMD,980
"Premamillary nucleus, ventral part",PMV,1004
"Paraventricular hypothalamic nucleus, descending division",PVHd,63
"Paraventricular hypothalamic nucleus, dorsal cap",PaDC,439
,,
,,
,,
Ventromedial hypothalamic nucleus,VMH,693
"Ventromedial hypothalamic nucleus, shell region",VMHSh,2044
,,
"Ventromedial hypothalamic nucleus, central part",VMHC,769
"Ventromedial hypothalamic nucleus, dorsomedial part",VMHDM,777
"Ventromedial hypothalamic nucleus, ventrolateral part",VMHVL,785
Posterior hypothalamic area,PHA,2474
Posterior hypothalamic nucleus,PH,946
"Posterior hypothalamic nucleus, dorsal part",PHnd,2364
"Posterior hypothalamic nucleus, ventral part",PHnv,2365
"Posterior hypothalamic area, dorsal part",PHD,2075
Submammillothalamic nucleus,SMT,2102
Hypothalamic lateral zone,LZ,290
Lateral hypothalamic area,LH,194
Juxtaparaventricular part of lateral hypothalamus,JPLH,2309
Magnocellular nucleus of the lateral hypothalamus,MCLH,2065
Ventrolateral hypothalamic nucleus ,VLH,2033
Gemini hypothalamic nucleus,Gem,2105
Peduncular lateral hypothalamus,PLH,2081
Tuberal region of lateral hypothalamus,TuLH,2048
Perifornical part of lateral hypothalamus,PeFLH,2473
Lateral preoptic area,LPO,226
,,
Paraterete nucleus,PTe,2379
Parasubthalamic nucleus,PSTh,364
Retrochiasmatic area,RCh,173
"Retrochiasmatic area, lateral part",RchL,2042
"Retrochiasmatic area, medial part",RchM,2283
Subthalamic nucleus,STh,470
Subincertal nucleus,SubI,2063
Medial tuberal nucleus,MTu,614
Terete hypothalamic nucleus,Te,2080
Perifornical nucleus,PeF,2079
Ventral linear nucleus of the thalamus,VLi,2111
Zona incerta,ZI,797
"Zona incerta, caudal part",ZIC,2125
"Zona incerta, rostral part",ZIR,2043
"Zona incerta, dosal part",ZID,2053
"Zona incerta, ventral part",ZIV,2054
DA13 dopamine cells,DA13,796
Nucleus of the fields of Forel,F,2110
Median eminence,ME,10671
Midbrain,MB,313
Prerubral field,PR,2107
"Midbrain, sensory related",MBsen,339
Superior colliculus,SC,2476
"Superior colliculus, sensory related",SCs,302
Optic layer of the superior colliculus,Op,851
Superficial gray layer of the superior colliculus,SuG,842
Zonal layer of superior colliculus,Zo,834
Inferior colliculus,IC,4
Central nucleus of the inferior colliculus,CIC,811
Dorsal cortex of the inferior colliculus,DCIC,820
External cortex of the inferior colliculus,ECIC,828
"External cortex of the inferior colliculus, layer 1",ECIC1,2188
"External cortex of the inferior colliculus, layer 2",ECIC2,2189
"External cortex of the inferior colliculus, layer 3",ECIC3,2190
Commissural nucleus of the inferior colliculus,Com,2457
Recess of the inferior colliculus,ReIC,2475
Nucleus of the brachium of the inferior colliculus,BIC,580
Sagulum nucleus,Sag,271
Parabigeminal nucleus,PBG,874
Microcellular tegmental nucleus,MiTg,2163
Mesencephalic trigeminal nucleus,Me5,460
Subcommissural organ ,SCO,2108
"Midbrain, motor related",MBmot,323
Mesencephalic reticular formation,mRt,2147
prosomere 1 reticular formation,p1Rt,2131
Isthmic reticular formation,isRt,2181
Pararubral nucleus,PaR,2154
"Substantia nigra, reticular part",SNR,381
Ventral tegmental area,VTA,749
Paranigral nucleus of the VTA,PN,2138
Parainterfascicular nucleus of the VTA,PIF,2144
Parabranchial pigmented nucleus of the VTA,PBP,2124
"Ventral tegmental area, rostral part",VTAR,2427
Rostral interstitial nucleus of the medial longitudinal fasciculus,RI,2112
DA11 dopamine cells,DA11,2101
Retroisthmic nucleus,RIs,246
Retrorubral field,RRF,2153
,,
,,
,,
,,
"Superior colliculus, motor related",SCm,294
Deep gray layer of the superior colliculus,DpG,26
Deep white layer of the superior colliculus,DpWh,42
Intermediate white layer of the superior colliculus,InWh,17
Intermediate gray layer of the superior colliculus,InG,10
,,
,,
,,
Periaqueductal gray,PAG,795
Dorsomedial periaqueductal gray,DMPAG,2141
Lateral periaqueductal gray,LPAG,2142
Pleoglial periaqueductal gray,PlPAG,2143
Dorsolateral periaqueductal gray,DLPAG,2148
Ventrolateral periaqueductal gray,VLPAG,2162
prosomere 1 periaqueductal gray,p1PAG,2114
Lithoid nucleus,Lth,2123
Precommissural nucleus,PrC,50
Interstitial nucleus of Cajal,InC,67
"Interstitial nucleus of Cajal, shell region",InCSh,2129
Nucleus of Darkschewitsch,Dk,587
Supraoculomotor cap,Su3C,2152
Supraoculomotor periaqueductal gray,Su3,2156
Pretectal region,PRT,1100
Anterior pretectal nucleus,APT,215
"Anterior pretectal nucleus, dorsal part",APTD,2099
"Anterior pretectal nucleus, ventral part",APTV,2100
Medial pretectal area,MPT,531
Retrocommissural nucleus,ReC,2415
Nucleus of the optic tract,OT,628
Nucleus of the posterior commissure,PCom,634
Magnocellular nucleus of the posterior commissure,MCPC,2121
Olivary pretectal nucleus,OPT,706
Posterior pretectal nucleus,PPT,1061
Retroparafascicular nucleus,RPF,2122
Cuneiform nucleus,CnF,616
Precuneiform area,PrCnF,2192
Red nucleus,R,214
"Red nucleus, parvicellular part",RPC,2137
"Red nucleus, magnocellular part",RMC,2139
Medial accessory oculomotor nucleus,MA3,2136
Oculomotor nerve,3N,35
"Oculomotor nucleus, parvicellular part",3PC,2157
Edinger-Westphal nucleus,EW,975
Pre-Edinger-Westphal nucleus,PrEW,2130
Trochlear nucleus,4N,115
Trochlear nucleus shell region,4Sh,2180
Paratrochlear nucleus,Pa4,2179
Ventral tegmental nucleus,VTg,757
Anterior tegmental nucleus,ATg,231
Rhabdoid nucleus,Rbd,2168
Lateral terminal nucleus of the accessory optic tract,LT,66
Dorsal terminal nucleus,DT,75
Medial terminal nucleus,MT,58
"Substantia nigra, lateral part",SNL,615
"Midbrain, behavioral state related",MBsta,348
"Substantia nigra, compact part",SNC,374
"Substantia nigra, compact part, dorsal tier",SNCD,2134
"Substantia nigra, compact part, medial tier",SNCM,2135
Pedunculotegmental nucleus,PTg,1052
Subpeduncular tegmental nucleus,SPTg,2183
Midbrain raph nuclei,RAmb,165
Interfascicular nucleus,IF,12
Interpeduncular nucleus,IP,100
"Interpeduncular nucleus, rostral subnucleus",IPR,2140
"Interpeduncular nucleus, lateral subnucleus",IPL,2145
"Interpeduncular nucleus, caudal subnucleus",IPC,2146
"Interpeduncular nucleus, dorsomedial subnucleus",IPDM,2149
"Interpeduncular nucleus, dorsolateral subnucleus",IPDL,2151
"Interpeduncular nucleus, intermediate subnucleus",IPI,2150
"Interpeduncular nucleus, apical subnucleus",IPA,2160
Rostral linear nucleus (midbrain),RLi ,197
Caudal linear nucleus of the raph,CLi,591
Dorsal raph nucleus,DR,872
"Dorsal raph nucleus, caudal part",DRC,2173
"Dorsal raph nucleus, dorsal part",DRD,2174
Dorsal raph interfascicular part,DRI,2175
"Dorsal raph nucleus, lateral part",DRL,2176
"Dorsal raph nucleus, ventral part",DRV,2177
Posterodorsal raph nucleus,PDR,2178
Hindbrain,HB,1065
Pons,P,771
"Pons, sensory related",P-sen,1132
Paralemniscal nucleus,PL,612
Dorsal nucleus of the lateral lemniscus,DLL,82
,,
Ventral nucleus of the lateral lemniscus,VLL,99
Intermediate nucleus of the lateral lemniscus,ILL,2172
"Triangular nucleus, lateral lemniscus",TrLL,2184
Principal sensory trigeminal nucleus,Pr5,7
"Principal sensory trigeminal nucleus, dorsomedial part",Pr5DM,2203
"Principal sensory trigeminal nucleus, ventrolateral part",Pr5VL,2202
Parabrachial nucleus,PB,867
Kolliker-Fuse nucleus,KF,123
Lateral parabrachial nucleus,LPB,881
"Lateral parabrachial nucleus, central part",LPBC,860
"Lateral parabrachial nucleus, crescent part",LPBCr,2458
"Lateral parabrachial nucleus, dorsal part",LPBD,868
"Lateral parabrachial nucleus, external part",LPBE,875
"Lateral parabrachial nucleus, superior part",LPBS,883
"Lateral parabrachial nucleus, central part",LPBV,891
"Lateral parabrachial nucleus, internal part",LPBI,2213
Medial parabrachial nucleus,MPB,890
"Medial parabrachial nucleus, external part",MPBE,899
,,
,,
Superior olivary complex,SOC,398
"Superior olivary complex, periolivary nucleus",POR,122
Lateroventral periolivary nucleus,LVPO,2207
Medioventral periolivary nucleus,MVPO,2208
Dorsal periolivary region,DPO,2209
Caudal periolivary nucleus,CPO,2227
Superior paraolivary nucleus,SPO,2456
Medial superior olive,MSO,105
Lateral superior olive,LSO,114
Nucleus of the central acoustic tract,CAT,2187
"Pons, motor related",P-mot,987
A7 noradrenaline cells,A7,2191
Barrington nucleus,Bar,280
"Barrington nucleus, dorsal part",Bard,2459
"Barrington nucleus, ventral part",Barv,2460
Dorsal tegmental nucleus,DTg,880
"Dorsal tegmental nucleus, central part",DTgC,2210
"Dorsal tegmental nucleus, pericentral part",DTgP,2201
Posterodorsal tegmental nucleus,PDTg,2230
,,
Central gray,CG,898
"Central gray, alpha part",CGA,2215
"Central gray, beta part",CGB,2216
"Central gray, gamma part",CGG,2231
"Central gray, nucleus O",CGO,2221
Pontine nuclei,Pn,931
"Pontine reticular nucleus, caudal part",PnC,2206
Dorsomedial tegmental area,DMTg,2197
,,
Sphenoid nucleus,Sph,2220
Supragenual nucleus,SGe,318
Superior salivatory nucleus,SuS,462
Supratrigeminal nucleus,Su5,534
Reticulotegmental nucleus of the pons,RtTg,574
"Reticulotegmental nucleus of the pons, pericentral part",RtTgP,2165
B9 serotonin cells,B9,2166
Motor trigeminal nucleus,5N,621
"Motor trigeminal nucleus, anterior digastric part",5ADi,2204
"Motor trigeminal nucleus, temporalis part",5Te,2453
Interfascicular trigeminar nucleus,IF5/5TT,2194
"Motor trigeminal nucleus, masseter part",5Ma,2454
Peritrigeminal zone,P5,2193
"Motor trigeminal nucleus, medial pterygoid part",5MPt,2455
"Pons, behavioral state related",P-sat,1117
Nucleus raph,NR,679
Paramedian raph nucleus,PMnR,137
Median raph nucleus,MnR,130
Locus coeruleus,LC,147
Laterodorsal tegmental nucleus,LDT,2284
"Laterodorsal tegmental nucleus, dorsal part",LDTg,162
"Laterodorsal tegmental nucleus, dorsal part, lateral division",LDTg-dl,2366
"Laterodorsal tegmental nucleus, dorsal part, medial division",LDTg-dm,2367
"Laterodorsal tegmental nucleus, ventral part",LDTgV,2195
,,
"Pontine reticular nucleus, oral part",PnO,2205
"Pontine reticular nucleus, ventral part",PnV,2217
Epirubrospinal nucleus,ERS,2182
Medial paralemniscial nucleus,MPL,2185
"Perilemniscal nucleus, ventral part",PLV,2186
Pontine raph nucleus,PnR,238
,,
,,
Medulla,MY,354
"Medulla, sensory related",MY-sen,386
Area postrema,AP,207
Area subpostrema,SubP,2274
Cochlear nuclei,CN,607
Granule cell layer of the cochlear nuclei,GrC (VCCap in 81),112
"Ventral cochlear nucleus, granule cell layer",VCAGr,560
Dorsal cochlear nucleus,DC,96
"Dorsal cochlear nucleus, molecular layer",DCMo,2234
"Dorsal cochlear nucleus, fusiform layer",DCFu,2235
"Dorsal cochlear nucleus, deep layer",DCDp,2236
Ventral cochlear nucleus,VC,101
"Ventral cochlear nucleus, anterior part",VCA,2238
"Ventral cochlear nucleus, posterior part",VCP,2237
"Ventral cochlear nucleus, posterior part, octopus cell area",VCPO,2243
Dorsal column nuclei,DCN,720
Cuneate nucleus,Cu,711
"Cuneate nucleus, dorsal part",CuD,2285
"Cuneate nucleus, rotundus part",CuR,2278
Gracile nucleus,Gr,1039
External cuneate nucleus,ECu,903
Nucleus of the trapezoid body,Tz,642
Trigeminal-solitary transition zone,5Sol,2249
Solitary nucleus,Sol,651
"Solitary nucleus, central part",SolCe,659
"Solitary nucleus, commissural part",SolC,666
"Solitary nucleus, gelatinous part",SolG,674
"Solitary nucleus, intermediate part",SolIM,2250
"Solitary nucleus, lateral part",SolL,682
"Solitary nucleus, medial part",SolM,691
"Solitary nucleus, ventral part",SolV,2263
"Solitary nucleus, ventrolateral part",SolVL,2273
"Solitary nucleus, dorsolateral part",SolDL,2271
"Solitary nucleus, dorsomedial part",SolDM,2264
"Solitary nucleus, interstitial part",SolI,2265
"Soltary nucleus, rostrolateral part",SolRL,2470
"Spinal trigeminal nucleus, caudal part",Sp5C,429
"Spinal trigeminal nucleus, interpolar part",Sp5I,437
"Spinal trigeminal nucleus, oral part",Sp5O,445
,,
,,
,,
Dorsomedial spinal trigeminal nucleus,DMSp5,45
,,
Paratrigeminal nucleus,Pa5,2270
,,
"Medulla, motor related",MY-mot,370
A5 noradrenaline cells,A5,2246
Ad1 adrenaline cells,Ad1,2477
Ad2 adrenaline cells,Ad2,2478
Ad3 adrenaline cells,Ad3,2266
"Subcoeruleus nucleus, alpha part",SubCA,2198
"Subcoeruleus nucleus, dorsal part",SubCD,2199
"Subcoeruleus nucleus, ventral part",SubCV,2200
Abducens nucleus,6N,653
Paraabducens nucleus,Pa6,2229
"Abducens nucleus, retractor bulbi part",6RB,2228
Facial nucleus,7N,661
Perifacial zone,P7,2226
"Facial nucleus, lateral subnucleus",7L,2462
"Facial nucleus, dorsolateral subnucleus",7DL,2463
"Facial nucleus, ventral intermediate subnucleus",7VI,2464
"Facial nucleus, dorsal intermediate subnucleus",7DI,2465
"Facial nucleus, dorsomedial subnucleus",7DM,2466
"Facial nucleus, ventromedial subnucleus",7VM ,2467
"Facial motor nucleus, stylohyoid part",7SH,576
Nucleus of the origin of efferents of the vestibular nerve,EVe,640
Ambiguus nucleus,Amb,2472
"Ambiguus nucleus, compact part",AmbC,135
"Ambiguus nucleus, loose part",AmbL,2277
Retroambiguus nucleus,RAmb,2471
,,
,,
Vagus nerve nucleus,10N,839
,,
Gigantocellular reticular nucleus,Gi,1048
"Gigantocellular reticular nucleus, alpha part",GiA,2223
"Gigantocellular reticular nucleus, ventral part",GiV,2224
,,
Inferior olivary nucleus,IO,83
"Inferior olive, subnucleus A of medial nucleus",IOA,2253
"Inferior olive, subnucleus B of medial nucleus",IOB,2254
"Inferior olive, subnucleus C of medial nucleus",IOC,2255
"Inferior olive, dorsal nucleus",IOD,2256
"Inferior olive, dorsomedial cell group",IODM,2257
"Inferior olive, principal nucleus",IOPr,2258
"Inferior olive, ventrolateral protrusion",IOVL,2259
"Inferior olive, cap of Kooy of the medial nucleus",IOK,2260
"Inferior olive, beta subnucleus of the medial nucleus",IOBe,2261
"Inferior olive, medial nucleus",IOM,2262
Intermediate reticular nucleus,IRt,136
"Intermediate reticular nucleus, alpha part",IRtA,2225
Inferior salivatory nucleus,IS,106
Linear nucleus of the hindbrain,Li,203
Lateral reticular nucleus,LRt,235
,,
"Lateral reticular nucleus, parvicellular part",LRtPC,963
,,
Paramedian reticular nucleus,PMn,395
"Medullary reticular nucleus, dorsal part",MdD,1098
"Medullary reticular nucleus, ventral part",MdV,1107
Parvicellular reticular nucleus,PCRt,852
"Parvicellular reticular nucleus, alpha part",PCRtA,2214
Trigeminal transition zone,5Tr,2211
Parasolitary nucleus,PSol,859
Lateral paragigantocellular nucleus,LPGi,938
"Lateral paragigantocellular nucleus, external part",LPGiE,2248
Dorsal paragigantocellular nucleus,DPGi,970
"Paragigantocellular reticular nucleus, lateral part",PGRNl,978
Caudoventrolateral reticular nucleus,CVL,2252
Rostroventrolateral reticular nucleus,RVL,2469
Rostral ventral respiratory group,RVRG,2269
Botzinger complex,Bo,2468
Pre-Botzinger complex,PrBo,2251
Perihypoglossal nuclei,PHY,154
Intercalated nucleus,In,161
Intermedius nucleus of the medulla,InM,2276
Nucleus of Roller,Ro,177
Prepositus nucleus,Pr,169
,,
Parapyramidal nucleus,PPy,1069
,,
,,
Vestibulocerebellar nucleus,VeCb,701
Lateral vestibular nucleus,LVe,209
Medial vestibular nucleus,MVe,202
"Medial vestibular nucleus, magnocellular part",MVeMC,2232
"Medial vestibular nucleus, parvicellular part",MVePC,2233
"Medial vestibular nucleus, parvicellular part, dorsal",MVePd,2368
"Medial vestibular nucleus, parvicellular part, ventral",MVePv,2369
Spinal vestibular nucleus,SpVe,225
Superior vestibular nucleus,SuVe,217
F cell group of the vestibular complex,FVe,2268
Paracochlear glial substance,PCGS,2218
Nucleus X,X,765
Matrix region of the medulla,Mx,2267
Hypoglossal nucleus,12N,773
Central cervical nucleus of the spinal cord,CeCv,2272
Nucleus Y of the vestibular complex,Y,781
,,
"Medulla, behavioral state related",MY-sat,379
raph magnus nucleus,RMg,206
raph interpositus nucleus,RIP,2212
raph pallidus nucleus,RPa,230
raph obscurus nucleus,ROb,222
fiber tracts,fiber_tracts,1009
basilar artery,bas,2155
cranial nerves,cm,967
,,
vomeronasal nerve,vn,949
olfactory nerve,In,840
olfactory nerve layer,ON,1016
"lateral olfactory tract, general",lotg,21
lateral olfactory tract,lo,665
dorsal lateral olfactory tract,dlo,2279
,,
accessory olfactory tract,aot,459
"anterior commissure, anterior part",aca,900
"anterior commissure, intrabulbar part",aci,2317
optic nerve,2n,848
,,
brachium of the superior colliculus,bsc,916
commissure of the superior colliculus,csc,336
optic chiasm,och,117
optic tract,opt,125
supraoptic decussation,sox,2040
,,
oculomotor nerve,3n,832
medial longitudinal fasciculus,mlf,62
posterior commissure,pc,158
trochlear nerve,4n,911
,,
,,
trigeminal nerve,5n,901
motor root of the trigeminal nerve,m5,93
sensory root of the trigeminal nerve,s5,229
mesencephalic trigeminal tract,me5,705
spinal trigeminal tract,sp5,794
facial nerve,7n,798
ascending fibers of the facial nerve,asc7,1131
genu of the facial nerve,g7,1116
vestibulocochlear nerve,8n,933
interstitial nucleus of the vestibular part of the 8th nerve,I8,2461
,,
vestibular root of the vestibulocochlear nerve,8vn,413
cochlear nerve,8cn,948
olivocochlear bundle,ocb,2222
trapezoid body,tz,841
,,
dorsal acoustic stria,das,506
lateral lemniscus,ll,658
commissure of the inferior colliculus,cic,633
brachium of the inferior colliculus,bic,482
glossopharyngeal nerve,9n,808
vagus nerve,10n,917
solitary tract,sol,237
,,
hypoglossal nerve,12n,813
,,
dorsal roots,drt,792
cervicothalamic tract,cett,932
,,
,,
,,
,,
dorsal column,dc,514
cuneate fascicle,cu,380
gracile fasciculus,gr,388
,,
medial lemniscus,ml,697
spinothalamic tract,sst,871
,,
,,
,,
,,
,,
vestibulospinal tract,vesp,293
,,
,,
hypothalamohypophysial tract,hht,627
,,
cerebellum related fiber tracts,cbf,960
cerebellar commissure,cbc,744
cerebellar peduncles,cbp,752
superior cerebellar peduncle,scp,326
decussation of the superior cerebellar peduncle,xscp,812
ventral spinocerebellar tract,vsc,85
uncinate fasciculus of the cerebellum,un,850
ventral spinocerebellar tract,vsc,866
middle cerebellar peduncle,mcp,78
transverse fibers of the pons,tfp,2167
inferior cerebellar peduncle,icp,1123
dorsal spinocerebellar tract,dsc,553
,,
,,
bulbocerebellar tract,bct,490
olivocerebellar tract,oc,404
,,
,,
cerebellar white matter,cbw,2275
middle cerebellar peduncle,mcp,728
lateral forebrain bundle system,lfbs,983
corpus callosum,cc,776
forceps minor of the corpus callosum,fmi,956
external capsule,ec,579
,,
genu of the corpus callosum,gcc,1108
forceps major of the corpus callosum,fmj,971
,,
splenium of the corpus callosum,scc,986
corticospinal tract,cst,784
internal capsule,ic,6
cerebral peduncle,cp,924
,,
,,
,,
,,
pyramidal tract,py,190
pyramidal decussation,pyx,198
,,
,,
longitudinal fasciculus of the pons,lfp,2169
thalamus related,lfbst,896
External medullary lamina,eml,1092
internal medullary lamina,iml,14
superior thalamic radiation,str,2109
,,
,,
extrapyramidal fiber systems,eps,1000
cerebral nuclei related,epsc,760
,,
nigrostriatal bundle,ns,102
,,
,,
,,
,,
tectospinal tract,ts,877
,,
dorsal tegmental decussation,dtgx,1060
,,
rubrospinal tract,rs,863
ventral tegmental decussation,vtgx,397
,,
,,
,,
,,
,,
vestibulomesencephalic tract,veme,941
medial forebrain bundle system,mfbs,991
cerebrum related,mfbc,768
,,
,,
"anterior commissure, posterior limb",acp,908
cingulum,cg,940
fornix system,fxs,1099
alveus of the hippocampus,alv,466
dorsal fornix,df,530
fimbria of the hippocampus,fi,603
,,
,,
postcommissural fornix,fxpo,737
,,
fornix,f,436
hippocampal commissures,hc,618
dorsal hippocampal commissure,dhc,443
ventral hippocampal commissure,vhc,449
,,
,,
longitudinal association bundle,lab,37
stria terminalis,st,301
commissural stria terminalis,cst,2394
hypothalamus related,mfsbshy,824
medial forebrain bundle,mfb,54
,,
,,
,,
,,
,,
,,
,,
retromammillary decussation,rmx,341
,,
,,
,,
,,
,,
,,
mammillary related,mfbsma,46
principal mammillary tract,pm,753
mammilothalmic tract,mt,690
mammillotegmental tract,mtg,681
mammillary peduncle,mp,673
,,
,,
epithalamus related,mfbse,1083
stria medullaris,sm,802
fasciculus retroflexus,fr,595
habenular commissure,hbc,611
,,
,,
,,
,,
ventricular systems,VS,73
lateral ventricle,LV,81
,,
ependymal and subendymal layer/olfacotry ventricle,E/OV,98
choroid plexus,chp,108
,,
interventricular foramen,IVF,124
3rd Ventricle,3V,129
dorsal third ventricle,D3V,2373
aqueduct,Aq,140
4th Ventricle,4V,145
superior medullary velum,SMV,2219
lateral recess of the 4th ventricle,LR4V,153
central canal,CC,164
grooves,grv,1024
grooves of the cerebral cortex,grv_of_CTX,1032
,,
hippocampal fissure,hif,1063
rhinal fissure,rf,1071
,,
grooves of the cerebellar cortex,grv_of_CBX,1040
precentral fissure,pcn,1087
preculminate,pcuf,1095
primary fissure,prf,1103
post superior fissure,psf,1112
prepyramidal fissure,ppf,1119
secondary fissure,sf,3
posterolateral fissure,plf,11
,,
,,
intercrural fissure,icf,34
ansoparamedian fissure,apmf,43
,,
,,
parafloccular sulcus,pfs,65
Interpeduncular fossa,IPF,624